{
  "_fv": 24,
  "_type": "gui",
  "definition": {
    "type": 1,
    "width": 176,
    "height": 166,
    "inventoryOffsetX": 0,
    "inventoryOffsetY": 0,
    "renderBgLayer": true,
    "doesPauseGame": false,
    "components": [
      {
        "type": "inputslot",
        "data": {
          "inputLimit": {
            "value": ""
          },
          "id": 0,
          "disableStackInteraction": false,
          "dropItemsWhenNotBound": false,
          "name": "Slot #0",
          "x": 137,
          "y": 59
        }
      },
      {
        "type": "inputslot",
        "data": {
          "inputLimit": {
            "value": ""
          },
          "id": 1,
          "disableStackInteraction": false,
          "dropItemsWhenNotBound": false,
          "name": "Slot #1",
          "x": 176,
          "y": 59
        }
      },
      {
        "type": "outputslot",
        "data": {
          "color": {
            "value": -16777216,
            "falpha": 0.0
          },
          "id": 2,
          "disableStackInteraction": false,
          "dropItemsWhenNotBound": false,
          "name": "Slot #2",
          "x": 258,
          "y": 59
        }
      },
      {
        "type": "image",
        "data": {
          "image": "ha.png",
          "use1Xscale": false,
          "name": "ha.png",
          "x": 221,
          "y": 60
        }
      },
      {
        "type": "button",
        "data": {
          "text": "Afilar",
          "width": 56,
          "height": 20,
          "name": "Afilar",
          "x": 196,
          "y": 92
        }
      }
    ],
    "gridSettings": {
      "sx": 18,
      "sy": 18,
      "ox": 11,
      "oy": 15,
      "snapOnGrid": false
    }
  }
}