{
  "_fv": 24,
  "_type": "armor",
  "definition": {
    "enableHelmet": true,
    "textureHelmet": "gledmite",
    "enableBody": true,
    "textureBody": "idkarmor_body",
    "enableLeggings": true,
    "textureLeggings": "idkarmor_leggings",
    "enableBoots": true,
    "textureBoots": "idkarmor_boots",
    "creativeTab": {
      "value": "CUSTOM:Bmod"
    },
    "armorTextureFile": "gladmor",
    "helmetName": "Darkmor Helmet",
    "bodyName": "Darkmor Body",
    "leggingsName": "Darkmor Leggings",
    "bootsName": "Darkmor Boots",
    "helmetSpecialInfo": [],
    "bodySpecialInfo": [],
    "leggingsSpecialInfo": [],
    "bootsSpecialInfo": [],
    "helmetModelName": "ModelCasco_sin_cuernos",
    "helmetModelPart": "Helmet",
    "helmetModelTexture": "casco_sin_cuernos.png",
    "bodyModelName": "Default",
    "bodyModelPart": "Body",
    "armsModelPartL": "Arms L",
    "armsModelPartR": "Arms R",
    "bodyModelTexture": "From armor",
    "leggingsModelName": "ModelPantalones",
    "leggingsModelPartL": "LeftLegging",
    "leggingsModelPartR": "RightLegging",
    "leggingsModelTexture": "pantalones.png",
    "bootsModelName": "Default",
    "bootsModelPartL": "Boots L",
    "bootsModelPartR": "Boots R",
    "bootsModelTexture": "From armor",
    "helmetImmuneToFire": true,
    "bodyImmuneToFire": false,
    "leggingsImmuneToFire": false,
    "bootsImmuneToFire": false,
    "maxDamage": 37,
    "damageValueHelmet": 6,
    "damageValueBody": 6,
    "damageValueLeggings": 5,
    "damageValueBoots": 4,
    "enchantability": 18,
    "toughness": 0.0,
    "knockbackResistance": 0.0,
    "equipSound": {
      "value": "item.armor.equip_diamond"
    },
    "repairItems": []
  }
}