{
  "_fv": 24,
  "_type": "tool",
  "definition": {
    "renderType": 0,
    "texture": "glamorpicaxe",
    "customModelName": "Normal",
    "name": "Glorpicaxe",
    "specialInfo": [],
    "creativeTab": {
      "value": "CUSTOM:Bmod"
    },
    "toolType": "Pickaxe",
    "harvestLevel": 5,
    "efficiency": 8.0,
    "attackSpeed": 1.0,
    "enchantability": 14,
    "damageVsEntity": 4.0,
    "usageCount": 300,
    "blocksAffected": [],
    "hasGlow": false,
    "repairItems": [],
    "immuneToFire": false,
    "stayInGridWhenCrafting": false,
    "damageOnCrafting": false
  }
}