{
  "_fv": 24,
  "_type": "gui",
  "definition": {
    "type": 1,
    "width": 175,
    "height": 166,
    "inventoryOffsetX": 0,
    "inventoryOffsetY": 0,
    "renderBgLayer": true,
    "doesPauseGame": false,
    "components": [
      {
        "type": "inputslot",
        "data": {
          "inputLimit": {
            "value": ""
          },
          "color": {
            "value": -3355444,
            "falpha": 0.0
          },
          "id": 0,
          "disableStackInteraction": false,
          "dropItemsWhenNotBound": false,
          "name": "Slot #0",
          "x": 149,
          "y": 49
        }
      },
      {
        "type": "inputslot",
        "data": {
          "inputLimit": {
            "value": ""
          },
          "color": {
            "value": -3355444,
            "falpha": 0.0
          },
          "id": 1,
          "disableStackInteraction": false,
          "dropItemsWhenNotBound": false,
          "name": "Slot #1",
          "x": 149,
          "y": 68
        }
      },
      {
        "type": "inputslot",
        "data": {
          "inputLimit": {
            "value": ""
          },
          "color": {
            "value": -3355444,
            "falpha": 0.0
          },
          "id": 2,
          "disableStackInteraction": false,
          "dropItemsWhenNotBound": false,
          "name": "Slot #2",
          "x": 149,
          "y": 87
        }
      },
      {
        "type": "inputslot",
        "data": {
          "inputLimit": {
            "value": ""
          },
          "color": {
            "value": -3355444,
            "falpha": 0.0
          },
          "id": 3,
          "disableStackInteraction": false,
          "dropItemsWhenNotBound": false,
          "name": "Slot #3",
          "x": 167,
          "y": 49
        }
      },
      {
        "type": "inputslot",
        "data": {
          "inputLimit": {
            "value": ""
          },
          "color": {
            "value": -3355444,
            "falpha": 0.0
          },
          "id": 4,
          "disableStackInteraction": false,
          "dropItemsWhenNotBound": false,
          "name": "Slot #4",
          "x": 167,
          "y": 68
        }
      },
      {
        "type": "inputslot",
        "data": {
          "inputLimit": {
            "value": ""
          },
          "color": {
            "value": -3355444,
            "falpha": 0.0
          },
          "id": 5,
          "disableStackInteraction": false,
          "dropItemsWhenNotBound": false,
          "name": "Slot #5",
          "x": 167,
          "y": 87
        }
      },
      {
        "type": "inputslot",
        "data": {
          "inputLimit": {
            "value": ""
          },
          "color": {
            "value": -3355444,
            "falpha": 0.0
          },
          "id": 6,
          "disableStackInteraction": false,
          "dropItemsWhenNotBound": false,
          "name": "Slot #6",
          "x": 185,
          "y": 87
        }
      },
      {
        "type": "inputslot",
        "data": {
          "inputLimit": {
            "value": ""
          },
          "color": {
            "value": -3355444,
            "falpha": 0.0
          },
          "id": 7,
          "disableStackInteraction": false,
          "dropItemsWhenNotBound": false,
          "name": "Slot #7",
          "x": 185,
          "y": 68
        }
      },
      {
        "type": "inputslot",
        "data": {
          "inputLimit": {
            "value": ""
          },
          "color": {
            "value": -3355444,
            "falpha": 0.0
          },
          "id": 8,
          "disableStackInteraction": false,
          "dropItemsWhenNotBound": false,
          "name": "Slot #8",
          "x": 185,
          "y": 49
        }
      },
      {
        "type": "inputslot",
        "data": {
          "inputLimit": {
            "value": ""
          },
          "color": {
            "value": -3355444,
            "falpha": 0.0
          },
          "id": 9,
          "disableStackInteraction": false,
          "dropItemsWhenNotBound": false,
          "name": "Slot #9",
          "x": 203,
          "y": 87
        }
      },
      {
        "type": "inputslot",
        "data": {
          "inputLimit": {
            "value": ""
          },
          "color": {
            "value": -3355444,
            "falpha": 0.0
          },
          "id": 10,
          "disableStackInteraction": false,
          "dropItemsWhenNotBound": false,
          "name": "Slot #10",
          "x": 203,
          "y": 68
        }
      },
      {
        "type": "inputslot",
        "data": {
          "inputLimit": {
            "value": ""
          },
          "color": {
            "value": -3355444,
            "falpha": 0.0
          },
          "id": 11,
          "disableStackInteraction": false,
          "dropItemsWhenNotBound": false,
          "name": "Slot #11",
          "x": 203,
          "y": 49
        }
      },
      {
        "type": "inputslot",
        "data": {
          "inputLimit": {
            "value": ""
          },
          "color": {
            "value": -3355444,
            "falpha": 0.0
          },
          "id": 12,
          "disableStackInteraction": false,
          "dropItemsWhenNotBound": false,
          "name": "Slot #12",
          "x": 221,
          "y": 87
        }
      },
      {
        "type": "inputslot",
        "data": {
          "inputLimit": {
            "value": ""
          },
          "color": {
            "value": -3355444,
            "falpha": 0.0
          },
          "id": 13,
          "disableStackInteraction": false,
          "dropItemsWhenNotBound": false,
          "name": "Slot #13",
          "x": 221,
          "y": 68
        }
      },
      {
        "type": "inputslot",
        "data": {
          "inputLimit": {
            "value": ""
          },
          "color": {
            "value": -3355444,
            "falpha": 0.0
          },
          "id": 14,
          "disableStackInteraction": false,
          "dropItemsWhenNotBound": false,
          "name": "Slot #14",
          "x": 221,
          "y": 49
        }
      },
      {
        "type": "outputslot",
        "data": {
          "color": {
            "value": -10066330,
            "falpha": 0.0
          },
          "id": 15,
          "disableStackInteraction": false,
          "dropItemsWhenNotBound": false,
          "name": "Slot #15",
          "x": 257,
          "y": 67
        }
      },
      {
        "type": "image",
        "data": {
          "image": "ha.png",
          "use1Xscale": false,
          "name": "ha.png",
          "x": 239,
          "y": 68
        }
      },
      {
        "type": "button",
        "data": {
          "text": "Forjar",
          "onClick": {
            "name": "MesaDeCrafteo"
          },
          "width": 56,
          "height": 20,
          "name": "Forjar",
          "x": 240,
          "y": 90
        }
      }
    ],
    "gridSettings": {
      "sx": 18,
      "sy": 18,
      "ox": 11,
      "oy": 15,
      "snapOnGrid": false
    }
  }
}